id,workflow
V7h4GwglPEqb79xXkdPkl,Enemy舍友
lxl40kD0pKkGJUFimB1Ey,Enemy舍友
Sj01XqdUXHg8-Lr3DEP4J,Enemy舍友
6W1iptFoB3H36hos97jTF,Enemy舍友
7HyqHwh2VriagLjxcCTyj,Enemy舍友
bSnMrH8O1lt9ecj8y0p8T,Enemy舍友
sJJZA1YY5iDQmAuVX6FhF,Enemy舍友
y4YkEEIKter0u9d7D1bx-,Enemy舍友
4L_pnH-BcULqRFlWLXen7,Enemy舍友
rNdG1EQcmw-6v05hhDf3M,Enemy舍友
HKbvlzZDX0ocZNCGOIrMy,Enemy舍友
jVG_9FA56dc5J93ApN1Xz,Enemy舍友
WV4CqpXf7Jls_PBo0ANmf,Enemy舍友
eOOx7SOMzthHf9uZp973a,Enemy舍友
gOoPPH586sukcbJRVlteH,Enemy舍友
#NAME?,Enemy舍友
nQUCxcTJfS3_KED-xiDQX,Enemy舍友
4HpwndKifeBUbij__o1El,Enemy舍友
RSObrkk7I0G-ElEI_wyIg,Enemy舍友
Y2jbhlZz6ro2UVFIlrh4f,Enemy舍友
z5sGooSXMgfKE57vn5FdJ,Enemy舍友
8AskiA6eTQQwdVLTFmgzC,Enemy舍友
rldtGwwqoBWFW730fHkoN,Enemy舍友
7s2IAFrFrhwzgKpAIni80,Enemy舍友
FLnAgB8fzVTR8KzDWclSm,Enemy舍友
MHxlT5y-Pw7kMTrzfPlSQ,Enemy舍友
WbDzIQUw4N1uHLOAOezU7,Enemy舍友
I5F6sGH8n0mKT0DkCyHyl,Enemy舍友
aMa3vNrXbHhrQeuISZUl6,Enemy舍友
8FfpCdkIlOWiTlFElux6T,Enemy舍友
bmXLAS6p6Vb8d_QdBEB5O,Enemy舍友
TzLj8NFoUv0Q1hegcAzGu,Enemy舍友
ybwlautwehWP7phTGsNPj,Enemy舍友
egIKOxoMCPDqMGYytgk3G,Enemy舍友
glcpjkp3Q2kls0dCrtGrj,helpless求助
WQmcbiq-7NX9-qzK1Pnb-,helpless求助
y8OOFCBXCNR61hvsp2AY3,helpless求助
JoXHh-Zq3iEs36kAiTpY2,helpless求助
k_qu1fuVSoT1cZiscWSZP,helpless求助
BN8oCFyGcBJbXRbkpKLf5,helpless求助
dyvj8wGSgZOcFKoJQoDzF,helpless求助
#NAME?,helpless求助
RJCU2QJjjwawY_7Taa0iO,helpless求助
A_VMHX_yuOJq6vyUw44e4,helpless求助
9B-RGZyxyjb3X7yE6_QjU,helpless求助
EHlv00uruU_6nfj4A45LQ,helpless求助
rjtnJIGDYJPhXirCmVGwo,helpless求助
BHiw0yS0s2BZdpdnhEz73,helpless求助
JQojBtcvqavWcn8R3DGUQ,helpless求助
1qDgEKTZGDlLnzJaopQoD,helpless求助
X7Wf92faghlqg6YFLLcM8,helpless求助
VgGvgEmv6inqBBj2BgxS1,helpless求助
CMXKsF7u7pOqXD-VtdHWF,helpless求助
XRy7JsxOiKvTk8PAPG_hl,helpless求助
7kN_1B4VGzJ6VVEyPlti-,helpless求助
6rfM-w1KC3MwXq9bNRM_K,helpless求助
Ru46PKplo4beLelYpkAGg,helpless求助
bmzJXT3ubDUDBhlGIYxYM,helpless求助
2TQm0ZDUTnNE8TxT4nxdB,helpless求助
upm21K08Hf49OpE4etv4a,helpless求助
gP05tGFXE72g3KKDTvbvg,helpless求助
sYI5hq8eYlw8DF5VSVPdD,helpless求助
QJUWh-itUOkkOJ-aD5IB-,helpless求助
UxU6-AOggQMbZ4d-zvmmj,helpless求助
x3WB2WujdMgXjxisaPgME,helpless求助
gAcEY6BVSWTXftTylY4Yt,helpless求助
OIXlvAAEGEXkKZfwILdDj,helpless求助
ymz03PHF8gGDANYICYND3,helpless求助
P0Z4q5Hz-fY9kM8Yi2rin,helpless求助
9rVWOZHzWYLdUTxOjsxvB,helpless求助
4XVxdLYm4h5D5AyDamzdv,helpless求助
g4aS8bqVYBbm0XA_gB6Gc,helpless求助
IBzw93AjCoCQ3gMO91Qhr,helpless求助
1qy-TQ6BXjJM2lx1_ye7L,helpless求助
HcS9WqxX9iJ8Fg-EoRbdj,helpless求助
xUlCdzbCzXssn5ewaBZiG,helpless求助
Ezoma8WxZg3Zx4vthvfIc,helpless求助
ec8PzAVaQDtp6PBOytWL_,helpless求助
3aTmIPCSsfkYXBvOlU5e_,helpless求助
EJSFdpzrj_5WR6hmANJYJ,helpless求助
bLbWgeYJ2PwDnRVYYdf9Q,helpless求助
3V1S18Q_QLp6aMmrnOi1k,helpless求助
csi_SLnwVOgagpZBoY3f1,helpless求助
9mxzf6kfDtruiU7ZQECeY,helpless求助
IX0T9Df_oDyWG6S1Cu4Hv,idol偶像
FC1cmCCrHC4GnJS9bHz1H,idol偶像
31WXDvLODOagAIV0IHIrD,idol偶像
Ng84WY6h_VeWvNeTn11jO,idol偶像
ZxjUeR6DEPv7dGWBrzk2b,idol偶像
KTApqe_fbVkg7-ADze-9l,idol偶像
GdiPYzNPwJPHQtvzeoimd,idol偶像
21W1joPOkWV65Wl_eIg4s,idol偶像
cdQ40RJYigscPC28se0-I,idol偶像
iBf_wsfBq12DQ-bby0XUg,idol偶像
tK9SDLKvAiaxl_awOTB03,idol偶像
TMZMTa8X4-h0z3fuuREWK,idol偶像
J0LVQqlYSuQJSGnu4cGir,idol偶像
9TqcXZFJ_Rrwdl5IzsT15,idol偶像
M6gtHFRfCyP4rO2wh9UFD,idol偶像
lEhOeZaVH3-Cf18lPux68,idol偶像
THrtUZNcjtRiyJr3DunW7,idol偶像
fLpKdbBRfuajzb8S1JiRk,idol偶像
Q_YOMSpryM1a2a_yKs_jP,idol偶像
gwJTyn7vf4a8ygm5o_r_s,idol偶像
#NAME?,idol偶像
9T2bDLRyy3rK4mcOJ8CKN,idol偶像
2YsEX8jJSVMBwA8XAHp9p,idol偶像
_HTnCwkuQ6AMe9VdyP9OF,idol偶像
BIy1-HTSQgg3BMiMEtT6H,idol偶像
Op6LdP9DAbJg6QNqymuE4,idol偶像
jsOvI6Td2MWitzDfaAlOK,idol偶像
y2DFmpo0WU20NUkfGVPhV,idol偶像
iVk1kj2Mp86cqDE46SKcS,idol偶像
8NXXqUeMU7uOz7SQlfnM0,idol偶像
OgFWJDiUCvf7V3UmlR8dL,idol偶像
BoAtOFjvlu8El83S2PtQU,idol偶像
7nHTXYxkMWNvclllYXwga,idol偶像
q68LIHPtHCAE9HLcK_5Fv,idol偶像
2Qek0QuRQRCmwoaXWvs-M,idol偶像
1fu4jGsWkSlAyHWDFc74K,idol偶像
JUIQPHj3pvskdXbMYaUUM,idol偶像
3hRvahP4qHZutCCI7mhsN,idol偶像
f6CoodRqB-QTaHN9Ql-Mz,idol偶像
VmgCnsWsLplIWrD6v_q6U,idol偶像
7niCWmUXoNqt9Ekp0UYFV,idol偶像
n5iDtJRAVl4r3yycobsOn,idol偶像
V_HW2e3mZrnZTeORsf-qK,idol偶像
#NAME?,idol偶像
QXhfHzBe5WcFw2PP2NZB2,idol偶像
RBUnlQYo_lqZbKAhBFvSL,idol偶像
S-04AnLjakw6_C2w_PBgB,idol偶像
LcMb2CJqkGAkD0Jua5Mg6,idol偶像
H0XKrvnnz6uDsXFVIobgT,idol偶像
LMeEgU9rtq9NuC3w2j7ea,idol偶像
rhsFx905k05ZGkFN59zOu,下位者+暗恋
Yhi_f1Bp8uHLB94TkVSQY,下位者+暗恋
xjm6PcCj2ptRY22L-YY4a,下位者+暗恋
iAGBqGg1wQBdt4OVZ9aja,下位者+暗恋
j1SJSwmw93N2D9npEe0pL,下位者+暗恋
J5yR_kGpmQLTsbJWWLXev,下位者+暗恋
5HTBczH3CI52_tLQQvxMu,下位者+暗恋
Ow5YTAkCuXLvoO91R__RP,下位者+暗恋
23v6G-0OjlSxjUNUH-Uto,下位者+暗恋
3gL_g2_HiEZKR4SuDSeWL,下位者+暗恋
#NAME?,下位者+暗恋
SuXMCczi5PmNd5jZCWVIP,下位者+暗恋
eJTLLWGdcr3Vo4MpwcmY4,下位者+暗恋
v0VBGs0dMDV33LewkGcbd,下位者+暗恋
ToUA7_ku8XuGrrIjj5FfB,下位者+暗恋
eep7rOjzKlBVXjSLx2Jhy,下位者+暗恋
Z_u1_tAKXyFrwgbjX-459,下位者+暗恋
HZ4CrNb1wu958NFqFt3R-,下位者+暗恋
ZTjccRzr9nfLJcOOdPMBg,下位者+暗恋
OCwrxgwzGAuvN8joGGxUX,下位者+暗恋
aQ226vwRz-eRcIPb7a_qV,下位者+暗恋
ABVIZKpp8TyTKQ8A_yE6O,下位者+暗恋
bstSH4MzVv2mTsH25kf8W,下位者+暗恋
oOGQsCQ68j1Ri9o72a8Lf,下位者+暗恋
K3Bq_IoTeG1-LdmiScVmw,下位者+暗恋
LDOJlgWIqkoWZRvIyl2Ui,下位者+暗恋
GpnVIKdfvC2QWZCzOFcl7,下位者+暗恋
XFxjmWA3mrR-4hhgF1C2t,下位者+暗恋
qqNkziXmif5gddSOjqWQM,下位者+暗恋
_ekJIrBi-q_yZI4w73EXG,下位者+暗恋
Gzseo2jXc7I2UDHIBllRW,下位者+暗恋
traCPc4p0cJHFDBFk0rw5,下位者+暗恋
G2v5zIbRnOq-P88ZL09j-,下位者+暗恋
j5sV6PrLoRR-QNeAY46_g,下位者+暗恋
QnPuyzxQERZ7mpDrc3RTR,下位者+暗恋
AKOOPMH1pfkEjz-ZlFmoN,下位者+暗恋
PHDOSpAdguj1Uh-NKHLx2,下位者+暗恋
12MrL16QPTX2expjZmcRC,下位者+暗恋
hcRo4hGNMUbs7ECPXXxxx,下位者+暗恋
qew_rwJwOQGJYOvDWlTX-,下位者+暗恋
avDgf-at0ia7D61v1FTtd,下位者+暗恋
5M_Bx-nvsHuBCkPtSfnJG,下位者+暗恋
W1rQIdatoXRJxVEbusVo0,下位者+暗恋
jcpudmC5qJfST6kgd5sv5,下位者+暗恋
IUOCZn5cmLDsXeFyDjFFy,下位者+暗恋
Nzlu93Y3l9VQ8upqZRjFO,下位者+暗恋
SjTIwlpQQOJmDO5zOkmU5,下位者+暗恋
dnNc8sT5MzidKwc5kIbJ6,下位者+暗恋
qe9_iaiME5lW4Vy9LbOcb,暴躁主播
weAiSg11GyImovm6_arfC,暴躁主播
fEMwALsZuqEgN77y0JXTg,暴躁主播
AVeiKLcEXqwnPMblfU2zF,暴躁主播
kZBZbGRm2GIXxEHhu9FPI,暴躁主播
2EaSnOYlAM5ScgVNxH31R,暴躁主播
TOQ_DUKizAEgxySR56xLm,暴躁主播
buXZPzkDJ_LSH_cgp4U-p,暴躁主播
oQfnhdqyNHUCFE6XyuPA4,暴躁主播
hnOHUWg3NVd4gyEgm3upq,暴躁主播
M4bP8jBKtN0YJ2cbsRoiV,暴躁主播
VFUhOClymdNElVMVfFfwE,暴躁主播
qUjlc6Iq-F508U2gE-Xs2,暴躁主播
x-2B98YDBHfnkAj20C11H,暴躁主播
jNjQipgx3BvuEO5KwL4Bq,暴躁主播
bhM6PSptL49y6mSyBzuUi,暴躁主播
FxKpQfoBTemkqRbw0NpnQ,暴躁主播
GrNET2JVjzXIwme3sG8Uh,暴躁主播
QWGM3DAkpOGY_ecE2jGYn,暴躁主播
vKjNtl6ENaBvXGPenpO1c,暴躁主播
hBErxJNuS3hJAXX_49bmz,暴躁主播
I1ORRKou9MSugK1mQYFEB,暴躁主播
5fRHtuf3_0UxikJcfd-mC,暴躁主播
AbIXWi6ZjUkq5gbGh1qUS,暴躁主播
5k5_NUUAU7xzMjEjty6Xa,暴躁主播
4iBv7Oshmd8XQwsUJEelI,暴躁主播
wMQ3Ua65gSNC6K-WQutrR,暴躁主播
fwYwjeyQLFrGyGIlYerzE,暴躁主播
JnWAa9Nj4RhNjHOe2Ecxk,暴躁主播
eOTu7jC337vDmrRaPR1d4,暴躁主播
#NAME?,暴躁主播
BUy6Pv2jmGSojH2c1mbt4,暴躁主播
9siZuFEtfhm1QtXOjVTiZ,暴躁主播
wB4wiCHl-QaRtdNMYlk3P,暴躁主播
_zlOwJgDhHHUReD_qIobh,暴躁主播
X5YWQSIIX8D39QlFqsaoc,暴躁主播
OfiNNRCaSHmwBnSxbW83D,暴躁主播
n9alk3HCmVcYBwnbigi2u,暴躁主播
xu37cFajaTqv2_AlatabQ,暴躁主播
7fVl-fjMJAExfwnvL54Co,暴躁主播
I0najgFzE2JqYjrMR4TdG,暴躁主播
D9jxUkoAiAIJEPdOS94-V,暴躁主播
dkbjAdfOXyWcPChHqDZkI,暴躁主播
PpGhezSOgk4IdLQco_vx1,暴躁主播
1JVWcjPpV48IWe1DBFP5a,暴躁主播
_8RrKvfTtkCKoIgO-YAHt,暴躁主播
1-nA6M6ZmW7lvTJb0HN1r,暴躁主播
pCmsXSQsrnICXdJtZFA7D,暴躁主播
2dL4mkP1sLKHfSmR78HGV,暴躁主播
UzwCICktO7vXWe1lFjznR,暴躁主播
gK0qQKOSBUiITLvfV2hox,保镖
uns4uTb5iy19t12aOSNVX,保镖
ZG_v7hF6GnN45H8HIjt85,保镖
yGlNoWOP4cTNHifNgDlM0,保镖
wylbqP3ca-7uEF0Rvabyj,保镖
OjMQPSJvWyeJ1xq95LAwL,保镖
oaZenl0UmoPAbeN0hz-TP,保镖
kZNN4t9rJHcTaypw-k1ne,保镖
ph0a7K8udQZXQptH3-e9B,保镖
EKn6fzSBXWIna8q1n3xaK,保镖
wR8herInNOw8K8foKOvlX,保镖
hyCanfwB-_gvpVgBTnCA8,保镖
D7BzZhXeXx3hsYfpEEHhX,保镖
Sz3uOJ1m9z3N9DhO00NfG,保镖
rQWEr7rDTnAAMGgYAWfh-,保镖
uCqc9_PwWlwPotFmkfnOv,保镖
vE8GxhqtV4bGm0ddpmqn5,保镖
_vJH0Bv_UJLWlIOWvYfNo,保镖
JBtG_knXSO1OWKht9Kl3M,保镖
MIAxohU78B84kzljasags,保镖
Vbq8qBztzrdUZeEyGvl51,保镖
jQLMVXCjoFZiBR5V3bddy,保镖
cVOTObl0Zbtx44905mOqJ,保镖
tLe0msXEqzPMIJ7IorCKL,保镖
6v77L9U-TGf8C8AZSoiN9,保镖
lPAon1TvU7c0SfJT-iKgQ,保镖
povjhFKYA4G8gGkxuos2G,保镖
5p4kwIiG1XN0nfCajQWOX,保镖
A6tIncp-WmdfzX3lVGHSW,保镖
Y0Azs1C9lZQT3KByxiA7a,保镖
n9AXezeqUK1f6rqpLENcD,保镖
PCJrut3jEk2EHm8DDtmH0,保镖
RfHRK_gZW4pOB3Zk_3g0L,保镖
ek7qqbXotsfjMPKSCTv70,保镖
r4flo4Et-rP0ePTuOdpaA,保镖
XqA6PXci23Yw2MD8xvkiE,保镖
Kih_PA0tYDqFCc-u_O1Np,保镖
fLHExsuKZR6mXEuWAek7m,保镖
WXhwotH6DrezSC76pKWcF,保镖
fvrjMJ-KtPNaGfguLDP_D,保镖
FSz9oqKgXZMzGtEritaO0,保镖
JHZFCUYlTWip0Cw5ulUdH,保镖
_Lek1qcH0BR2iqqkn7ISl,保镖
4QzpnWgyWQgqbrqK9w593,保镖
FoyvvBypdtZ0JEWgLKBQx,保镖
3F7lMjvtDHHA_nY9rDWwL,保镖
e7Hxfz52q-CYWc3x6g3IU,保镖
lTu4oPJJ63vQWSeYx0iN2,保镖
wEpFMSj9d1cxmhlnHfvNV,保镖
9K8CCBUDkGFBrMd0hT0ux,保镖
wGI3VbYiBox3IGuGBHjAb,保镖
QvHkwCE0Z-nmqf7wOmfAv,学校&上位者
gttxaJzsc24upUobEviNn,学校&上位者
McLqceIKqddwN_4mZgBwg,学校&上位者
FLeIByC-9ZQokrFZkc6j7,学校&上位者
tF8CrpJItU8qiQzs5UwVp,学校&上位者
_SqUIrjBhO1HobubKnXiA,学校&上位者
C5yHs7aH3N5hB1WeZ2gUD,学校&上位者
m5wYvd0IaUnIbvV4s870u,学校&上位者
csxxFf0jSYFUb8x9zI-qC,学校&上位者
mA_NtknCQiBk84bL798E2,学校&上位者
DPpyuVVUpSIG_H1u31PcO,学校&上位者
hdTEa4vK0OJreW82sCE4l,学校&上位者
RlsSc5icztdFjUsvXN-aj,学校&上位者
Azh-G9lOdaagtBYl-KfSi,学校&上位者
qVjNlFAbz91mtPymyn3-w,学校&上位者
FYeftviS0qwaymShQPuuw,学校&上位者
IifRuxN_XSJX0m2J_8l6T,学校&上位者
rEOakXLcfth9ecMW3X3lI,学校&上位者
i7JvgtGUOOeXI-Bgl442l,学校&上位者
8zJsW0ompA9JFg7NwBSaz,学校&上位者
sUuQBsVNXPGp7k8dgpB9L,学校&上位者
6k2uHOpWyLFc2eAg2NV6s,学校&上位者
lJAJhWm-jwhWwfq91Hqc0,学校&上位者
KzoyVoRT6y9yt7EUrlVYF,学校&上位者
aHxBy3Adew-c6jkxkEXOH,学校&上位者
yDsNV4VR1NiZaZgCWslgT,学校&上位者
pg21Yy7mnz-l3QZCMeSAt,学校&上位者
1Qhor423rVkRNUCWYErqi,学校&上位者
pjcYtzxxtBGgaNG7jWCnD,学校&上位者
mEnNzYQstznSNeBlvz0Bl,学校&上位者
ZNNiwjLx2-dP-5_Yzbnxq,学校&上位者
GWVsBmwHvBHkr4GY4zOdk,学校&上位者
Be44K9WKHptXdIC1mEQ8l,学校&上位者
awNpcqP1wJ3ntwe5ZDC_6,学校&上位者
ZOI2gBnSK46QXyIKQubp3,学校&上位者
Hb1dMB5pjE3iqU1MZCFsj,学校&上位者
UogQ06af7v20S2h05rmhh,学校&上位者
aXYKaBdzjfsy5oJPX_QS8,学校&上位者
fvfmhGjbvJhCU3CezbIaO,学校&上位者
O-SzzEaYym-UOe8Dqphh4,学校&上位者
iCmNbeoTtZ4o3xZhUjLbc,学校&上位者
i3dlDli_tBjkHEVQZgcJH,学校&上位者
LpxKYv-DhaSj0WCr-fhkC,学校&上位者
8sv-WUyNW7stbTNA53t4d,学校&上位者
cI8ySFbMhoOFXaFVoUOfH,学校&上位者
xo5hcGExEJeuj2JcJa8bz,学校&上位者
__uZyqfDtC_wHa5IPChlG,学校&上位者
xwZxQcDQhfmrERjRUoKKz,学校&上位者
D9jne4HzeM96VB4w1o7of,学校&上位者
TFLSGeIgFp7DEHwelemL3,学校&上位者
jHP7vmzuTR1QHtttVWLE_,正在被bully的人需要你的帮助
4pSV1iEKcCGHpgPUBkVGx,正在被bully的人需要你的帮助
Go-p2KpGST6ZQuzFJtIRw,正在被bully的人需要你的帮助
I2RiaEJjxdbPJ6ylfDzyP,正在被bully的人需要你的帮助
o2aWvXiALhrwhaen-PrgD,正在被bully的人需要你的帮助
3oAMK6ps5wbN4abE22u4T,正在被bully的人需要你的帮助
r39Z0mOSqUJfhDRV27bhs,正在被bully的人需要你的帮助
PoYO0EHwUbGoYQ1xX0c8U,正在被bully的人需要你的帮助
IRw0OhaS8O1uEcLUBzGuv,正在被bully的人需要你的帮助
Id14bgw6K06pjy2pcP1Vp,正在被bully的人需要你的帮助
gBUppjblNGPHh9Z8A2_pC,正在被bully的人需要你的帮助
sBP8_IiQFpfDq5zw1yD4z,正在被bully的人需要你的帮助
yHm76E3VlvrUGS0DwwFmQ,正在被bully的人需要你的帮助
yl78qdajyTNmYzad7n5M3,正在被bully的人需要你的帮助
koz-qTp6qEjZq86TvfscY,正在被bully的人需要你的帮助
w9-HIe5i0oFrkOVBNGkqr,正在被bully的人需要你的帮助
AV7gZYgEA2GRDoea9vqP2,正在被bully的人需要你的帮助
5N62ChbexGbEHuvUql7eW,正在被bully的人需要你的帮助
r3SbK-blDKVY69g5wn-ew,正在被bully的人需要你的帮助
psKJo7nYGPkCI0kDVfERJ,正在被bully的人需要你的帮助
qXcNVtBBztwHp8VnbmBy-,正在被bully的人需要你的帮助
SpkxsbDXbMWw4lKzvaRXo,正在被bully的人需要你的帮助
M2WmtSrZsbWHpwq6Mqpro,正在被bully的人需要你的帮助
219ju01OnpJ39su8oZHhx,正在被bully的人需要你的帮助
CPZHvfKIqULldaQwz7fcW,正在被bully的人需要你的帮助
1lbJuDMNK8LCei4CIVDgq,正在被bully的人需要你的帮助
O687yUqkckBaqTr_kO28m,正在被bully的人需要你的帮助
5xwv8u8n5yMKgHwCYZ4t1,正在被bully的人需要你的帮助
SBx87LSjZXk8DwPCZSgU0,正在被bully的人需要你的帮助
8LiBAERvyFtUADm2SVQaK,正在被bully的人需要你的帮助
yQf-cR00_9mYn7aXME-HL,正在被bully的人需要你的帮助
gzMlysmJtnDnAXsu97Y4n,正在被bully的人需要你的帮助
FXREwURwVucNpKTOtJJGy,正在被bully的人需要你的帮助
vdZ8GbY9i2faVelGMtJB7,正在被bully的人需要你的帮助
NAM8amYSsk16IPIYTVRNf,正在被bully的人需要你的帮助
tyjQxx0WfGjkaCMusyptX,正在被bully的人需要你的帮助
v0VgYrKtkmtVSxAbhd0nz,正在被bully的人需要你的帮助
GqZh75MpDhYElHHbKKq33,正在被bully的人需要你的帮助
ZidhW73E8yxkScQK-qhce,正在被bully的人需要你的帮助
KHncqwqh4xjAOeaEANECx,正在被bully的人需要你的帮助
aU5bnP_AyK5LQb1-pX3Jx,正在被bully的人需要你的帮助
FEfYGdFhfCIlOIdY-7F5U,正在被bully的人需要你的帮助
0muwJiN0Kt1u2HtDPNHwu,正在被bully的人需要你的帮助
8TzF6PNCeBMKohNdcj8NS,正在被bully的人需要你的帮助
BMvmHksoQCPDpfPDk7t3U,正在被bully的人需要你的帮助
u9H6n7eReiGm6XL4q0JOS,正在被bully的人需要你的帮助
gexyv9fhm7f3RwEtKexvk,正在被bully的人需要你的帮助
u3Ut5V_ON2XK1Phi9fYDk,正在被bully的人需要你的帮助
RUHiuB2zKVR2Tb8V8ZfhN,正在被bully的人需要你的帮助
WXPrjlcETfOX7r0MZnHjo,正在被bully的人需要你的帮助
HIrauzPDwc9-miuk1NYZe,病娇绑架
GBkxe1VOR7yjSr_o9-PoZ,病娇绑架
sehVX90epDRPAHRTf2URR,病娇绑架
_eudZ3V9lHmyh8YchMBB2,病娇绑架
pI1VQG74MH_0u3B2yz1lM,病娇绑架
l6dXdP-7sWSRUfZaiPLBf,病娇绑架
QVHTd7XKuUDXPfuvgankF,病娇绑架
Wdzxqz89Ttuq4AYK7Q-Lm,病娇绑架
Eh29VLr3QxJcvHx9udRPN,病娇绑架
A1SNvnY6XPGlfMS3wt_0f,病娇绑架
eAnl6Y_j4UlmdV2nQVrbg,病娇绑架
peavhaIuBY5VPcLZEXVtw,病娇绑架
i_x0dwu06xE7CZPjlnIQo,病娇绑架
_qprJgDgoyetHct74Sri0,病娇绑架
hTZWozf4yBHObUe_ujM3m,病娇绑架
X02uLFG8cvx-Ia8gX75bv,病娇绑架
_lCce6WBzyTI-fOwZrN0P,病娇绑架
E_fGZ1kqdf9VRzjoMh8od,病娇绑架
sGnWKxm2hKiBSVvWW4J4v,病娇绑架
jFS4QgpDM4wuAlqqNznSj,病娇绑架
FlzRzo3UMCmoLZ-z9aaut,病娇绑架
Ld2pihn-9ykfbWWsrnRP4,病娇绑架
d9uXI7WTpfFCeGHMaBcxV,病娇绑架
Wd7_-8xPysKVO2S4zYlX-,病娇绑架
t_JercAOgOSdc7mXFO17a,病娇绑架
zaXdU4YNpMq3itj_m8XPb,病娇绑架
_tNH2ALFSgXp2MlAwAf03,病娇绑架
8uo8Ojym02cF9ShgqFKt2,病娇绑架
3nAenOR5m50ZL25JPRsu_,病娇绑架
xtGA0W-wtfViQv5fLvyz6,病娇绑架
NVdGys6Q0b1QZ5-N_Kih8,病娇绑架
XOefvjjLpRTTG9xs3kzIu,病娇绑架
ra1QtIT4wPvhz-HSORtoA,病娇绑架
zUmdMKHWjWNWZ3luek93C,病娇绑架
sSSXPAyA_kmpav6ecHEYC,病娇绑架
eburITs9SGz02fjzUQfaX,病娇绑架
tla6q9RqtNXcANorzgO8G,病娇绑架
Z2Sxi6zupMi64feTUS0DE,病娇绑架
XkaHSlEWjgZQ7E6caOLx7,病娇绑架
yICKx4Fa_ZOCFpgqBCBbF,病娇绑架
1zTdty5oYFAg6qcKHWjSL,病娇绑架
eAKuXA9Fo5_mCqQwFJOxm,病娇绑架
oGSH94OBuv-tgICr6jhxn,病娇绑架
3kQhDRonqH-Xey6Sqdd7G,病娇绑架
YhU9jH0mfBklOmpolvtfR,病娇绑架
knZghJ-y8j17b976vda5T,病娇绑架
q4N17T-J4_mBvjATjcSib,病娇绑架
GduHRzxOZHBekYLaqMCgv,病娇绑架
1koLth246E5F6RSNbjIyh,病娇绑架
oUA9Po3GyriIJNU2IMTo3,被迫婚姻
MtHpK2gPM_yUhd2lc56Cq,被迫婚姻
hd7CKv-lxk4vVovagqVrw,被迫婚姻
6PVvRyFiw9ctvko70ebK8,被迫婚姻
vu2bvXb1ON4C7vKSvNZ62,被迫婚姻
r2wI5kkVy8LjPIoCPopVY,被迫婚姻
EZI6jMkm2JJnJYH--DFK5,被迫婚姻
fyGHESUSCS5v9DqxjnGMv,被迫婚姻
n1N8zoHvP1-9q99bwhDaR,被迫婚姻
kobtYlUlTfqiOindbIPzJ,被迫婚姻
23SyiMuwafW8jeuRWojM2,被迫婚姻
kYHCXWDXCvCaIE_9c-4tS,被迫婚姻
CkCIaRZSvY8pk8rFhyUaE,被迫婚姻
6e26r9LrNP2ymi3PgCFsJ,被迫婚姻
acS1iwwl73wGw5b9tPmCT,被迫婚姻
uKIGCSHLpg-hXKHsk-YVU,被迫婚姻
3Q2JsEA0bg_T8cAQ36roE,被迫婚姻
VkHt4EsLM96npnmrNAXHx,被迫婚姻
pZ0DPD_8tf_xf6jaQm0Ko,被迫婚姻
Ky3Esr8NlhFgt1GQB9Ll9,被迫婚姻
5nIoxY-bdkMxBO6eG4R7p,被迫婚姻
woHAKSLgNZQk6JRTVyZom,被迫婚姻
Egp_JcXGe9vVCnw3kyUqC,被迫婚姻
ydWUs3IaIMIWL8SaPLjMw,被迫婚姻
pBcb1f8VhWVuKTOmvMok4,被迫婚姻
FGLjwljE3z6njjyCW-8Sa,被迫婚姻
R-BbpsZYCPWDvKf4B2DJL,被迫婚姻
qey0Rs0m1Rg7vaZuLONvU,被迫婚姻
jU22XfxmcJwvmXQXJ1BRF,被迫婚姻
lZg1dqYkNfkbDbmjnNeR3,被迫婚姻
7CzpHff7BtpcnBAoXYUPo,被迫婚姻
Z8L_53zQoSfG0dQlQScDN,被迫婚姻
A-8h0Jnf4SpxFm3uGVcfa,被迫婚姻
Bf9vy8OtdHZ9RcjAl8p8c,被迫婚姻
utuoerTT-Yf_tl04uAtbK,被迫婚姻
kkUkwEh-xtFRC8ZIQKKgd,被迫婚姻
QGrat8WYDGplobIRHvcL8,被迫婚姻
UQoOxujoOn7rFR50R3VCs,被迫婚姻
LWKQf7GniXLdrXmx8paLj,被迫婚姻
Wxr49i5H6YqNkLaVLxmQ-,被迫婚姻
MGYFOyIy1Fc0hXmMat5QL,被迫婚姻
brJdThWexWM76eZueAovE,被迫婚姻
Dlka7KE4J4OS1VlpOIEj7,被迫婚姻
WI5kNjTMyPNs8iQeNcnU8,被迫婚姻
9lN2butJ0H95zcVeLo0Oq,被迫婚姻
i8LRqCjuAFx3V94-E4Ns0,被迫婚姻
Rj_gZTqOHCKL3y858TCNL,黑手党+审讯
AFyqfkHpQ4ar3rxSDXXNs,黑手党+审讯
NSDwonQqz1zqpSkx0-4hb,黑手党+审讯
2g5XL29i2Cr1eOf4oCSN7,黑手党+审讯
bg_RXdAicb1iT7QoKAhl0,黑手党+审讯
wNKLNAG4t60bGH4S6px1r,黑手党+审讯
Ro3_DC-sCHFrobZBFrC1j,黑手党+审讯
EzvrxdSRwSUqhqY7x0CnE,黑手党+审讯
qA9zMZ626xY81BOrpUxxq,黑手党+审讯
QZqoPOkjcnoeokmnYcx75,黑手党+审讯
13MGymRdUc3j2TkHAzaBX,黑手党+审讯
VY0Vs0rSElVSqWpuwPjNk,黑手党+审讯
dIEkWNyXRmuxMPUFA0lU8,黑手党+审讯
E0sJUORu49gVT-HNd0aT2,黑手党+审讯
mmN32URHI0teeauZaqg3U,黑手党+审讯
CZ3FxvXZDbOI3zYLGqx6t,黑手党+审讯
CFz0I4HRwAk75WvHVeoMt,黑手党+审讯
JLcFX7UGWP9S-XktD09FS,黑手党+审讯
EBQwonZEa4dJq5LPOuR0_,黑手党+审讯
xSnGbvOu1Wa-9dd2neBgV,黑手党+审讯
owXixPYrNUrc7izd9ToxP,黑手党+审讯
ju2ZSmM9WSLzCT1jAAZED,黑手党+审讯
3B1jsHOFepPJE1Se1aj7Q,黑手党+审讯
ihmLR7GIV9xqTLGOPvWSk,黑手党+审讯
CbmyD6j0q9DTD0tkDEcCX,黑手党+审讯
s4Znc6i3et8_-oAKTA0IZ,黑手党+审讯
RlXT7We_RQDU5uZ66nFsB,黑手党+审讯
SxE9ilPEtT-F3FmIe61j1,黑手党+审讯
RiTiJKg4z7eP-hg2eTwV4,黑手党+审讯
Un0MvJpNQ68ifpPp2rRHp,黑手党+审讯
LTIH5loBnV1u08xCT89kR,黑手党+审讯
cvL8ia33E1W9QcE4dd2_d,黑手党+审讯
yB3TxQGZEppqEEC1MmZcZ,黑手党+审讯
k9fuXXufX7qnrVO0HfjhU,黑手党+审讯
Yuce8BKM6rM6iWKbppj3s,黑手党+审讯
kEdKHI5ZSM-c3QzCeCehr,黑手党+审讯
kSLO3K1wQyX_i263YJqPx,黑手党+审讯
Yw9J5kpJKzvs-h09yZ3E-,黑手党+审讯
R1OeWlutTJLb7APaaEsO6,黑手党+审讯
A384yf3mR7DW2n9Dhn61u,黑手党+审讯
bFwnVnstUlVnAAMmAvhj1,黑手党+审讯
QdXUcDDObwkUeksTvPCCz,黑手党+审讯
_85j-B5eUmoPcsuq5j-iU,黑手党+审讯
CfaVx5h9KzPCPB0AhnujJ,黑手党+审讯
ix1MS-rlzZIO7LRyyHdZJ,黑手党+审讯
bNQJ20FfV-lpTU0WaYYHc,黑手党+审讯
Jh78jYDv5ckvGUWl15svz,黑手党+审讯
sV1qBC4Pnp2sXuoWDIe4u,黑手党+审讯
x7YakNcenoF_NTG2DQhmo,黑手党+审讯
0TWucrforveiACwvu_wvw,黑手党+审讯
